driver_id,total_fare,avg_distance
14,220.48000000000002,21.23
21,204.73000000000002,26.585
