driver_id,total_fare,avg_distance
77,243.28,14.120000000000001
89,191.17,15.486666666666666
