driver_id,total_fare,avg_distance
5,55.410000000000004,18.036666666666665
