driver_id,total_fare,avg_distance
65,303.33000000000004,31.873333333333335
