driver_id,total_fare,avg_distance
43,119.97999999999999,46.14666666666667
