driver_id,total_fare,avg_distance
93,378.84000000000003,20.379999999999995
95,53.73,22.77
