driver_id,total_fare,avg_distance
35,328.52,13.930000000000001
16,141.76,25.13
52,347.65999999999997,20.2875
