driver_id,total_fare,avg_distance
83,472.04999999999995,22.642857142857142
