driver_id,total_fare,avg_distance
3,489.67999999999995,15.169999999999998
