driver_id,total_fare,avg_distance
33,365.41999999999996,17.323333333333334
