driver_id,total_fare,avg_distance
31,592.4000000000001,23.354000000000003
