driver_id,total_fare,avg_distance
24,154.19,27.236666666666665
9,238.2,37.406666666666666
