driver_id,total_fare,avg_distance
16,369.65999999999997,28.477999999999998
35,592.0,20.38125
52,762.49,21.138181818181817
