driver_id,total_fare,avg_distance
14,359.95000000000005,23.427999999999997
21,367.87,25.2375
