driver_id,total_fare,avg_distance
13,157.44000000000003,18.150000000000002
