driver_id,total_fare,avg_distance
78,557.3800000000001,26.092857142857145
