driver_id,total_fare,avg_distance
75,395.54999999999995,19.107999999999997
