driver_id,total_fare,avg_distance
44,371.53999999999996,28.31833333333334
