driver_id,total_fare,avg_distance
60,212.71,19.768
68,710.25,14.93125
90,525.3700000000001,26.731428571428573
