driver_id,total_fare,avg_distance
40,307.03,26.677500000000002
38,294.02,33.056666666666665
