driver_id,total_fare,avg_distance
15,569.21,21.963333333333335
54,251.63,15.133333333333333
