driver_id,total_fare,avg_distance
93,532.85,24.62571428571428
95,271.85,24.900000000000002
