driver_id,total_fare,avg_distance
97,280.14000000000004,35.303333333333335
