driver_id,total_fare,avg_distance
10,421.61000000000007,21.838333333333335
