driver_id,total_fare,avg_distance
72,776.85,28.036250000000003
74,566.31,21.575714285714287
