driver_id,total_fare,avg_distance
65,529.1200000000001,30.986666666666665
