driver_id,total_fare,avg_distance
23,463.83000000000004,31.25666666666667
41,81.26,37.11
