driver_id,total_fare,avg_distance
22,231.23,24.263333333333335
28,372.58000000000004,19.557499999999997
