driver_id,total_fare,avg_distance
61,312.66,40.497499999999995
27,505.84,30.084000000000003
