driver_id,total_fare,avg_distance
16,182.0,31.299999999999997
35,504.32,17.175714285714285
52,608.8,23.99625
