driver_id,total_fare,avg_distance
71,492.59999999999997,32.257999999999996
