driver_id,total_fare,avg_distance
66,263.21999999999997,35.593333333333334
