driver_id,total_fare,avg_distance
78,204.29000000000002,27.083333333333332
