driver_id,total_fare,avg_distance
60,163.75,23.703333333333333
68,427.45000000000005,18.344
90,399.68000000000006,36.7875
