driver_id,total_fare,avg_distance
50,491.55999999999995,42.327999999999996
