driver_id,total_fare,avg_distance
72,636.49,27.391428571428573
74,410.5,22.509999999999998
