driver_id,total_fare,avg_distance
49,301.47999999999996,24.002499999999998
