driver_id,total_fare,avg_distance
14,220.48000000000002,21.23
21,233.49,28.22666666666667
