driver_id,total_fare,avg_distance
93,412.86,18.335999999999995
95,271.85,24.900000000000002
